Date,Time,Performance Billing,Artist / Ensemble,Genre,Role,Birthday,Venue IG Handle,Venue Name,Threads,IG,FB,TikTok,Website,Artist Marketing Materials Internal Link,YouTube,Management,Notes ,IG Followers,FB Followers,TikTok Followers,Summer Post,Pre-Show Post,Single Ticket Onsale Date
SAT SEP 12,3PM,Tríptico,Tríptico,Other,Latin jazz trio,,@arlingtonstreetchurch,Arlington Street Church,Neighborhood Arts,,,,https://claudioragazzi.com,,,,"Trio from Argentina, Puerto Rico, Costa Rica. Ragazzi is Emmy and Grammy winning film/TV composer.",,,,,08/22/2026,
,,,Claudio Ragazzi,,guitar,,,,,,,,,,,,,,,,,,
,,,Georgie Rodriguez,,guitar,,,,,,,,,,,,,,,,,,
,,,Manolo Mairena,,vocals / percussion,,,,,,,,,,,,,,,,,,
SAT SEP 19,3PM,Bala-Bila,Balla Kouyaté,Other,balafon,,@thebethelboston,Bethel AME Church,Neighborhood Arts,,,,https://arts.gov/honors/heritage/balla-kouyate,https://celebrityseries.sharepoint.com/:f:/s/CS/IgAzvebgdCzaQY4haqySJhYGAbn9B-1OK5ugGkKZLGaYuX8?e=CjM0zR,,,Malian balafon virtuoso + Mozambican timbila star. NEA National Heritage Fellow.,,,,,08/29/2026,
,,,Matchume Zango,,timbila,,,,,,,,,,,,,,,,,,
WED SEP 23 – SUN SEP 27,Various,Let's Dance Boston,Let's Dance Boston,PPP,social dance festival,,@rosekennedygreenway,Rose Kennedy Greenway (Dewey Square Plaza),Let's Dance Boston,,,,,,,,Social Dance Festival at Dewey Square Plaza. 4 nights + 1 afternoon.,,,,,09/02/2026,
SAT OCT 03,3PM,Jonathan Gramling & Friends,Jonathan Gramling,Other,vocals,,@twelfthbaptistchurch,Twelfth Baptist Church,"Neighborhood Arts, Roxbury",@jonathangramling,,,,https://celebrityseries.sharepoint.com/:f:/s/CS/IgAuXPHKNMyxSbLDYVM2eqmPARAwQuN9p2CR8j_T8aT9s58?e=Rdj2tX,,,"Reggae, gospel, soul, jazz. With Liberator Band.",,,,,09/12/2026,
THU OCT 08,7:30PM,"Avery Gagliano, piano (Debut Series)",Avery Gagliano,Pianist,piano,,@longyschool,Longy's Pickman Hall,Piano,,,,https://averygagliano.com,https://celebrityseries.sharepoint.com/:f:/s/CS/IgD_Pdp9nurASq01dX_418m-Ab2gTJpTv5UDYq4RUCoNx7U?e=NOoQPq,,,"Program: Schumann Novelette Op. 21 No. 8, Fauré Ballade Op. 19, Rzewski Winnsboro Cotton Mill Blues, Kirchner Interlude II, Schumann Symphonic Etudes Op. 13.",,,,05/21/2026,09/17/2026,08/13/2026
SAT OCT 10,12PM,"Hemenway Strings (Lynn Chang, director)",Hemenway Strings,Chamber,chamber string ensemble,,@bplboston,"Shaw-Roxbury Branch, Boston Public Library","Neighborhood Arts, Roxbury",,,,https://bostonconservatory.berklee.edu/events/hemenway-strings-music-of-the-past-present-and-future,https://celebrityseries.sharepoint.com/:f:/s/CS/IgD_-ZBDe8hSQILGZpOLAJTEAbbCJdeVccCWm67u5wFMgC4?e=0ieSk7,,,Vivaldi Four Seasons. Boston Conservatory at Berklee chamber string ensemble.,,,,,,
,,,Lynn Chang,,violin / director,,,,,,,,,,,,,,,,,,
SAT OCT 10,8PM,Lizz Wright,Lizz Wright,Jazz,vocals,,@berkleebpc,Berklee Performance Center,,@lizzwrightmusic,,,https://lizzwright.net,https://celebrityseries.sharepoint.com/:f:/s/CS/IgBOKvVrqac2SKQ3CF6SPO0VAaucbjbcZwA_DUSH5YHkF_A?e=cV9QMJ,,,Warm alto. Folk-inflected jazz band.,24K,,,05/22/2026,09/19/2026,08/13/2026
FRI OCT 16,8PM,Brentano String Quartet: Flights of Fugue,Brentano String Quartet,Chamber,quartet,,@necmusic,NEC's Jordan Hall,,NA,/BrentanoQuartet,,https://brentanoquartet.com,https://celebrityseries.sharepoint.com/:f:/s/CS/IgA9JqXNPitnQaVImnzEhHjqAddorupKQy7PSNBhAvfE3Vw?e=Ypgr7g,,,"Flights of Fugue: Shostakovich Op. 87/14 fugue, Quartet No. 15 Op. 144, Bach Fugue in C-sharp minor BWV 849, Beethoven Op. 131.",NA,2K,,05/24/2026,09/25/2026,08/13/2026
,,,Mark Steinberg,,violin,,,,,,,,,,,,,,,,,,
,,,Serena Canin,,violin,,,,,,,,,,,,,,,,,,
,,,Misha Amory,,viola,,,,,,,,,,,,,,,,,,
,,,Nina Lee,,cello,,,,,,,,,,,,,,,,,,
SAT OCT 17,3PM,Castle of Our Skins: Sacred Transcendence,Castle of Our Skins,Chamber,ensemble,,@twelfthbaptistchurch,Twelfth Baptist Church,"Neighborhood Arts, Roxbury",,,,https://castleskins.org,https://celebrityseries.sharepoint.com/:f:/s/CS/IgCp6exv_tWYR7HcD0P-pNm9ASaeK7GMQaupm_Kdu8OFyNo?e=A4N63P,,,"African American spirituals, classic and reimagined. Works by Burleigh, Johnson, Dett, Okphebelo, Hailstork, Jessie Montgomery.",,,,,09/26/2026,
SUN OCT 18,3PM,"Bruce Liu, piano",Bruce Liu,Pianist,piano,"May 8, 1997",@grotonhillmusic,Groton Hill Music Center (Concert Hall),Piano,@bruceliupiano,,,https://bruce-liu.com,https://celebrityseries.sharepoint.com/:f:/s/CS/IgBcj-BypFEJQZtCwhkFertFAeFJ0jUX8A8mSkVZYzRs2Oc?e=ldLPoJ,,,"Beethoven Moonlight, Chopin Nocturnes, Bach, Debussy, Mompou, Liszt. 2021 Chopin Competition winner. Exclusive DG artist.",114K,,,05/25/2026,09/27/2026,08/13/2026
WED OCT 21,8PM,Christian McBride & Ursa Major,Christian McBride,Jazz,bass / leader,"May 31, 1972",@berkleebpc,Berklee Performance Center,,@chrmcbride,,,https://christianmcbride.com,https://celebrityseries.sharepoint.com/:f:/s/CS/IgBQQ5yTdImYRoOv34vDnmIJAdvCVxs38TjQBWZqACxKhvA?e=c1BGJg,,,,184K,,,05/26/2026,09/30/2026,08/13/2026
,,,Nicole Glover,,tenor saxophone,,,,,,,,,,,,,,,,,,
,,,Ely Perlman,,guitar,,,,,,,,,,,,,,,,,,
,,,Mike King,,piano,,,,,,,,,,,,,,,,,,
,,,Savannah Harris,,drums,,,,,,,,,,,,,,,,,,
FRI OCT 23 – SAT OCT 24,Various,Gravity & Other Myths: Ten Thousand Hours,Gravity & Other Myths,Dance,contemporary circus,,@bostonartsacademy,Boston Arts Academy Theater,Dance,,,,https://gravityandothermyths.com,https://celebrityseries.sharepoint.com/:f:/s/CS/IgB9fANS4AMYR72o7Z1neCB6AdlFSf-Ef_cjpQyLOADpXPw?e=xD02oW,,,3 performances: OCT 23 8PM; OCT 24 2PM & 8PM. 8 acrobats + 1 musician. All ages (4+). 60 min.,,,,05/28/2026,10/02/2026,08/13/2026
SUN OCT 25,3PM,"Geneva Lewis, violin",Geneva Lewis,Instrumentalist,violin,,@grotonhillmusic,Groton Hill Music Center (Meadow Hall),,,,,https://genevalewisviolinist.com,https://celebrityseries.sharepoint.com/:f:/s/CS/IgAEj46sFnBTQ7Kjxw-3zDhYAQO6Kzfrm7HI7vlU7zPs_xc?e=8t7vA1,,,"Mozart Sonata K. 379, Silvestrov, Weinberg Sonata No. 5, Webern Four Pieces, Strauss Sonata Op. 18.",,,,05/29/2026,10/04/2026,08/13/2026
SUN OCT 25,3PM,Stringfest: Borromeo Quartet featuring Boston String Academy,Borromeo String Quartet,Chamber,quartet,,@multiculturalac,Multicultural Arts Center,Neighborhood Arts,,,,https://borromeoquartet.org,https://celebrityseries.sharepoint.com/:f:/s/CS/IgBchKB22CgKSrobQOl_OJDNAdWj1RU-m1JUPOnRoI9Lru8?e=PK8Jkp,,,All-Beethoven program. Mentoring young players from Boston String Academy in side-by-side performance.,,,,,10/04/2026,
SUN NOV 01,5PM,LaChanze,LaChanze,Jazz,vocals,"Dec 16, 1961",@berkleebpc,Berklee Performance Center,,@mslachanze,,,https://mslachanze.com,https://celebrityseries.sharepoint.com/:f:/s/CS/IgD-AiRbhNKqQpOfZkalDASVAcYGpB1bGZaO2X2eDaAb5Fk?e=OhpNb9,,,Tony Award winner. Originated the role of Celie in The Color Purple.,29K,,,05/31/2026,10/11/2026,08/13/2026
SUN NOV 08,3PM,"Igor Levit, piano",Igor Levit,Pianist,piano,"Mar 10, 1987",@bostonsymphony,Symphony Hall,"Beethoven 200, Piano",@igorpianist,,,https://igor-levit.com,https://celebrityseries.sharepoint.com/:f:/s/CS/IgD-Dk219DtxSb-353jGVLpCAcpRf60vmIFW7hC2EN2t_TI?e=Oqo0rm,,,"All-Beethoven Symphony Hall recital debut: Op. 2 No. 1, Op. 31 No. 2 Tempest, Op. 79, Op. 53 Waldstein.",116K,,,06/01/2026,10/18/2026,08/13/2026
SUN NOV 08,3PM,"All-Cello Orchestra: Pablo Casals 150th Birthday Tribute (Eugene Friesen, conductor)",All-Cello Orchestra,Classical,ensemble,,@roxburycc,Roxbury Community College,"Neighborhood Arts, Roxbury",,,,https://paucasals.org/en,https://celebrityseries.sharepoint.com/:f:/s/CS/IgDsOPbAFHP7SYKaaYp1NWUiAafc-Nls3zpJqB0zsjxu268?e=JVmgiL,,,"Eugene Friesen conducts. Works by Casals, Villa-Lobos, and other favorites.",,,,,10/18/2026,
,,,Eugene Friesen,,conductor,,,,,,,,,,,,,,,,,,
FRI NOV 13,8PM,Nemanja Radulovi? & Double Sens Chamber Orchestra: The Four Seasons,Nemanja Radulovi?,Ch Orch,violin / leader,"?? Oct 18, 1985",@necmusic,NEC's Jordan Hall,,@nemanjaraduloff,/nemanjaradulOFF,,https://nemanjaviolin.com,https://celebrityseries.sharepoint.com/:f:/s/CS/IgB63HJIbeq2QZ0WYr06eyKAAX2hE9UWKBIwY9HkLQ-6y_I?e=BWvyD1,,Opus 3 Artists,U.S. debut. Vivaldi Four Seasons + additional program TBD.,57K,136K,,06/02/2026,10/23/2026,08/13/2026
,,,Double Sens Chamber Orchestra,,ensemble,,,,,,,,https://doublesens.org,,,,"Radulovi?'s ensemble, founded 2008.",,,,,,
SAT NOV 14,12PM,Pelin Su Yavuz (Roxbury Concert Series Rising Star),Pelin Su Yavuz,Pianist,piano / vocals,,@bplboston,"Shaw-Roxbury Branch, Boston Public Library","Piano, Neighborhood Arts, Roxbury",,,,https://college.berklee.edu/amplifyberklee/people/pelin-su-yavuz,,,,"19-year-old Berklee sophomore. Jazz, neo-soul, R&B. Boston Calling headliner, Boston Pops performer.",,,,,,
SUN NOV 15,3PM,Dover Quartet,Dover Quartet,Chamber,quartet,,@necmusic,NEC's Jordan Hall,,@doverquartet,,,https://doverquartet.com,https://celebrityseries.sharepoint.com/:f:/s/CS/IgDcDjYmjSqzRI6Q8yqO5EwJAVyvad2oSOMDoQN44jD9gMI?e=vWeOgk,,MKI Artists,"Brahms Quartet No. 3 Op. 67, Pura Fé Rattle Songs (orch. Jerod Impichchaachaaha' Tate), Dvo?ák Quartet No. 11 Op. 61.",15K,,,06/04/2026,10/25/2026,08/13/2026
,,,Joel Link,,violin,,,,,,,,,,,,,,,,,,
,,,Bryan Lee,,violin,,,,,,,,,,,,,,,,,,
,,,Julianne Lee,,viola,,,,,,,,,,,,,,,,,,
,,,Camden Shaw,,cello,,,,,,,,,,,,,,,,,,
FRI NOV 20 – SAT NOV 21,Various,Ballet BC,Ballet BC,Dance,dance company,,@artsemerson,Cutler Majestic Theatre at Emerson College,Dance,,,,https://balletbc.com,https://celebrityseries.sharepoint.com/:f:/s/CS/IgB5Y7UsBFsZRJ6bhWJES21_AWjvAIrpJMDTp_xyg9MOjaU?e=0mgMPl,,,"3 performances: NOV 20 8PM; NOV 21 2PM & 8PM. 20 dancers under artistic director Medhi Walerski. Program: SWAY (Walerski, 2019), Obsidian (Smith/Schraiber, 2025), BOLERO X (Binyamini, 2026).",,,,06/05/2026,10/30/2026,08/13/2026
SAT NOV 21,3PM,Triana Maciel & Nino de los Reyes: PerpetuARTE,Triana Maciel,Pop/World/Misc.,flamenco artist,,@roxburycc,Roxbury Community College,"Neighborhood Arts, Roxbury",,,,https://bostonconservatory.berklee.edu/faculty/nino-de-los-reyes,https://celebrityseries.sharepoint.com/:f:/s/CS/IgB3ZBGkqyI0R5XBXK9vEsSJAf920CkXDQeFk0uVJyc_jXw?e=z9dg8t,,,Flamenco duo with live music. PerpetuARTE is a new program.,,,,,10/31/2026,
,,,Nino de los Reyes,,flamenco artist,,,,,,,,,,,,,,,,,,
SAT NOV 21,8PM,"Coltrane 100: Both Directions at Once (feat. Lovano, Aldana, Genovese, Oh, Watts)",Joe Lovano,Jazz,tenor saxophone,"Dec 29, 1952",@berkleebpc,Berklee Performance Center,Coltrane 100,NA,,,https://imnworld.com/artists/coltrane100,https://celebrityseries.sharepoint.com/:f:/s/CS/IgAX1-mW4An_QZvAYS8bY0G-AV4CfHnsrhN3X3bO0RIyRCE?e=B4x87L,,IMN International Music Network,Coltrane centennial tribute. Full quintet.,,NA,,06/06/2026,10/31/2026,08/13/2026
,,,Melissa Aldana,,tenor saxophone,,,,,,,,,,,,,,,,,,
,,,Leo Genovese,,piano,,,,,,,,,,,,,,,,,,
,,,Linda May Han Oh,,bass,,,,,,,,,,,,,,,,,,
,,,"Jeff ""Tain"" Watts",,drums,,,,,,,,,,,,,,,,,,
SUN NOV 22,3PM,What Makes It Great? Mozart's Clarinet Concerto,Rob Kapilow,WMIG,host / composer,,@necmusic,NEC's Jordan Hall,,,,,https://robkapilow.com,https://celebrityseries.sharepoint.com/:f:/s/CS/IgAkO8uKsdGIRJQI-mJHNziDAT2_FhAqpGuD4ENdu02lgv0?e=a5Jqb2,,,Mozart Clarinet Concerto. Composed weeks before Mozart's death at 35.,,,,06/08/2026,11/01/2026,08/13/2026
,,,A Far Cry,,chamber orchestra,,,,,,,,,,,,,,,,,,
,,,Romie de Guise-Langlois,,clarinet,,,,,,,,,,,,,,,,,,
SAT DEC 05,3PM,Nadia Washington Quartet,Nadia Washington,Jazz,vocals / leader,,,First Church Roxbury,"Neighborhood Arts, Roxbury",,,,https://nadia-washington.com,https://celebrityseries.sharepoint.com/:f:/s/CS/IgBeGW6BG8RtSqpe6xWE_P5qATa9H_Me9st9LDsGdGGKEEw?e=09nZOA,,,Jazzy holiday favorites + reimagined Christmas classics.,,,,,11/14/2026,
,,,Chase Morrin,,piano,,,,,,,,,,,,,,,,,,
,,,Max Ridley,,bass,,,,,,,,,,,,,,,,,,
,,,Lee Fish,,drums,,,,,,,,,,,,,,,,,,
FRI DEC 11,8PM,"Jeremy Denk, piano",Jeremy Denk,Pianist,piano,"May 16, 1970",@necmusic,NEC's Jordan Hall,Piano,@jeremydenkpiano,,,https://jeremydenk.com,https://celebrityseries.sharepoint.com/:f:/s/CS/IgCz8C_krkDDQ4YWYfK1FOoyAdFVWnqwdIn31-rbjAxt6Es?e=5GLIBr,,Opus 3 Artists (verify),"Bach WTC Book II Prelude & Fugue BWV 892, Unsuk Chin Six Études, Beethoven Op. 110 & Op. 111, Hélène de Montgeroult Études.",4K,,,06/09/2026,11/20/2026,08/13/2026
SAT DEC 12,3PM,"Stringfest: Jorge Santiago Arce (feat. Boston Music Project, City Strings United, Project STEP)",Jorge Santiago Arce,Pop/World/Misc.,percussion,,@krocboston,Salvation Army Kroc Center,Neighborhood Arts,,,,https://jorgearcehumano.com,https://celebrityseries.sharepoint.com/:f:/s/CS/IgAcrrfieezLTp3gcBWzX7PLAX6zWZrZS8yhGJqGszLmV-c?e=xNTKQg,,,"Puerto Rican and Latin American folk songs arranged for strings and percussion. With Boston Music Project, City Strings United, Project STEP.",,,,,11/21/2026,
THU JAN 14,8PM,"Gil Shaham & Akira Eguchi, violin & piano",Gil Shaham,Instrumentalist,violin,"Feb 19, 1971",@grotonhillmusic,Groton Hill Music Center (Concert Hall),"Beethoven 200, Piano",@gilshaham_official,/gilshaham,,https://gilshaham.com,https://celebrityseries.sharepoint.com/:f:/s/CS/IgCB9b1xwytQRp3EvSXVo-KrAVLI6Nzj-85ekgue47j1keQ?e=xN3gPk,,,"All-Beethoven Op. 30 sonatas: No. 6 in A Major, No. 7 in C minor, No. 8 in G Major.",,13K,,06/10/2026,12/24/2026,10/01/2026
,,,Akira Eguchi,,piano,,,,,,,,,,,,,,,,,,
SAT JAN 23,8PM,What Makes It Great? Anything But Standard: Ella Fitzgerald & Oscar Peterson,Rob Kapilow,WMIG,host / composer,,@necmusic,NEC's Jordan Hall,,,,,https://robkapilow.com,https://celebrityseries.sharepoint.com/:f:/s/CS/IgAdbYQNqq5xQrEqHBs8rJ7IAWjvA7ZmJ0Le5iV61Jdjq8g?e=PcqvBR,,,Host Rob Kapilow + live band + 2 vocalists. Explores Ella and Oscar's transformation of film and Broadway songs into jazz standards.,,,,06/12/2026,01/02/2027,10/01/2026
THU JAN 28,7:30PM,"Lukas Sternath, piano (Debut Series)",Lukas Sternath,Pianist,piano,,@longyschool,Longy's Pickman Hall,Piano,,,,https://lukassternath.com,https://celebrityseries.sharepoint.com/:f:/s/CS/IgB0Tuv_KBNSTIVXoWvwf0_FAYzANkXDF7fKruwJhkHma-Y?e=sSd7ri,,,"Austrian pianist, Boston debut. Liszt transcriptions of Schubert Lieder + Schubert Wanderer Fantasy D. 760 + Liszt Années de pèlerinage, Italie.",,,,06/13/2026,01/07/2027,10/01/2026
SAT JAN 30,8PM,Michel Camilo Trio,Michel Camilo,Jazz,piano / leader,,@berkleebpc,Berklee Performance Center,Piano,@camilomichel,,,https://michelcamilo.com,https://celebrityseries.sharepoint.com/:f:/s/CS/IgCNkqrFfZAZR4U47vv3OtScAb1dFby0kpdqKVYe9hoCLMo?e=4uedD6,,,,45K,,,06/14/2026,01/09/2027,10/01/2026
,,,Ricky Rodríguez,,bass,,,,,,,,,,,,,,,,,,
,,,Mark Walker,,drums,,,,,,,,,,,,,,,,,,
SUN JAN 31,3PM,"Edgar Meyer, Mike Marshall & George Meyer",Edgar Meyer,Pop/World/Misc.,bass / composer,"Nov 24, 1960",,Sanders Theatre,,@edgarmeyerbass,/EdgarMeyerBass,,https://edgarmeyer.com,https://celebrityseries.sharepoint.com/:f:/s/CS/IgCTg9FquvhYTbDJ7FK-9fcHAUatcguXaJ4L9kb4gLiDN6w?e=me5SkT,,IMG Artists,Bluegrass festival picking on the concert stage. George is Edgar's son. Meyer & Marshall have played together 20 years.,2K,26K,,06/16/2026,01/10/2027,10/01/2026
,,,Mike Marshall,,mandolin / guitar,,,,,,,,,,,,,,,,,,
,,,George Meyer,,violin,,,,,,,,,,,,,,,,,,
TUE FEB 02,7:30PM,"Mitsuko Uchida, piano",Mitsuko Uchida,Pianist,piano,"?? Dec 20, 1948",@bostonsymphony,Symphony Hall,Piano,@uchidamitsuko,,,https://mitsukouchida.com,https://celebrityseries.sharepoint.com/:f:/s/CS/IgAB8DCniBJ8RLRD05HtiVWWAUfORImijrG7M1-Gw7CYd54?e=dyOwmf,,IMG Artists / Enticott Music Management,"HEADLINER. First Boston solo performance in a generation. Haydn Variations Hob. XVII:6, Schoenberg Op. 19, Mozart Rondo K. 511, Kurtág Márta Ligaturája, Schubert D. 959.",9K,,,06/17/2026,01/12/2027,10/01/2026
SAT FEB 06,12PM,"Ahmed Alom, piano",Ahmed Alom,Jazz,piano / leader,,@bplboston,"Shaw-Roxbury Branch, Boston Public Library","Piano, Neighborhood Arts, Roxbury",,,,https://ahmedalom.com,https://celebrityseries.sharepoint.com/:f:/s/CS/IgDzlFkXpnZIRLckPQWVgiotASaAFK89LM8yKcntpwp1cMw?e=L8H4i4,,,Havana-born pianist. Cuban rhythm meets jazz improvisation.,,,,,,
SUN FEB 07,3PM,"Isidore String Quartet with Jeremy Denk, piano",Isidore String Quartet,Chamber,quartet,,@necmusic,NEC's Jordan Hall,Piano,,,,https://isidorestringquartet.com,https://celebrityseries.sharepoint.com/:f:/s/CS/IgDzlFkXpnZIRLckPQWVgiotASaAFK89LM8yKcntpwp1cMw?e=L8H4i4,,,"Britten Three Divertimenti, Mendelssohn Quartet No. 6 Op. 80, Brahms Piano Quintet Op. 34.",,,,06/19/2026,01/17/2027,10/01/2026
,,,Adrian Steele,,violin,,,,,,,,,,,,,,,,,,
,,,Phoenix Avalon,,violin,,,,,,,,,,,,,,,,,,
,,,Devin Moore,,viola,,,,,,,,,,,,,,,,,,
,,,Joshua McClendon,,cello,,,,,,,,,,,,,,,,,,
,,,Jeremy Denk,,piano,"May 16, 1970",,,,@jeremydenkpiano,,,https://jeremydenk.com,,,Opus 3 Artists (verify),See also Dec 11.,4K,,,,,
FRI FEB 12,8PM,"Emmet Cohen Trio with Georgia Heers, vocals",Emmet Cohen Trio,Jazz,piano trio,,@berkleebpc,Berklee Performance Center,Piano,,,,https://emmetcohen.com,https://celebrityseries.sharepoint.com/:f:/s/CS/IgAQsXdjQs_4RaNJNPmYn11hAWwoLFGIYhh64l63puuhnxA?e=Q8QeAn,,,"Cohen famous for Live from Emmet's Place webcasts from his Harlem apartment. Heers featured in Broadway's Good Night, and Good Luck.",,,,06/20/2026,01/22/2027,10/01/2026
,,,Emmet Cohen,,piano / leader,,,,,,,,,,,,,,,,,,
,,,Georgia Heers,,vocals,,,,,,,,,,,,,,,,,,
FRI FEB 12 – SAT FEB 13,Various,Limón Dance Company,Limón Dance Company,Dance,dance company,,@bostonartsacademy,Boston Arts Academy Theater,Dance,,,,https://limon.nyc,https://celebrityseries.sharepoint.com/:f:/s/CS/IgCz0X8a1WFpToWhMIwbtFm8AQ8hvtxpCDPaGO9RI4sVAhc?e=kXkC2k,,,"3 performances: FEB 12 8PM; FEB 13 2PM & 8PM. Limón's Mazurkas (1958, music of Chopin) + new work by Akram Khan (2027) reimagining Moor's Pavane. 80th anniversary.",,,,06/21/2026,01/22/2027,10/01/2026
SAT FEB 13,8PM,"Junction Trio (Stefan Jackiw, Jay Campbell, Conrad Tao)",Junction Trio,Chamber,piano trio,,@necmusic,NEC's Jordan Hall,,,,,https://jcttrio.com,https://celebrityseries.sharepoint.com/:f:/s/CS/IgB0xXCAyIlrQpz1K8x1DAOoAZ9zTmfrIW_L0-ycv3I5nBU?e=iDdz1I,,,"Beethoven Ghost Trio, Andrew Norman new work (NE premiere, co-commissioned by Vivo), Shostakovich Piano Trio No. 2.",,,,06/23/2026,01/23/2027,10/01/2026
,,,Stefan Jackiw,,violin,,,,,,,,,,,,,,,,,,
,,,Jay Campbell,,cello,,,,,,,,,,,,,,,,,,
,,,Conrad Tao,,piano,,,,,,,,,,,,,,,,,,
WED FEB 17,8PM,S? Percussion with Helado Negro and Kate Stables (This Is the Kit),S? Percussion,Classical,ensemble,,@somervilletheatre,Crystal Ballroom at Somerville Theatre,,@sopercussion,/sopercussion,,https://sopercussion.com,https://celebrityseries.sharepoint.com/:f:/s/CS/IgBvv0AbWrhxTqzHf9Ze8iJSAe1QDHp5ShDfQ2ju8yETAvs?e=IJtMrT,,,New-music powerhouse + indie-folk + avant-pop collision.,15K,15K,,06/24/2026,01/27/2027,10/01/2026
,,,Helado Negro,,vocals / electronics,,,,,@heladonegro,/HeladoNegro,,,,,Super Music Group,,63K,30K,,,,
,,,Kate Stables,,vocals / guitar,,,,,,,,,,,,Kate Stables is This Is the Kit. Verify handle.,,,,,,
THU FEB 18,8PM,Damir Imamovi?,Damir Imamovi?,Jazz,tambur / vocals,,@somervilletheatre,Crystal Ballroom at Somerville Theatre,,,,,https://en.damirimamovic.com,https://celebrityseries.sharepoint.com/:f:/s/CS/IgDDV3H0nRrjSIiqey5vgL10ARtIMrzh2FKADKle-vppoBE?e=lqBc5k,,,"Bosnian sevdah (""Bosnian blues""). Roma, Slavic, Sephardic Jewish, and Ottoman influences.",,,,06/25/2026,01/28/2027,10/01/2026
,,,Chad McCullough,,trumpet / flugelhorn,,,,,,,,,,,,,,,,,,
,,,George Lawler,,percussion,,,,,,,,,,,,,,,,,,
FRI FEB 19,8PM,Charles Yang,Charles Yang,Classical,violin / vocals,,@somervilletheatre,Crystal Ballroom at Somerville Theatre,,@chazzviolin,/charlesyangmusic,,https://charlesyangmusic.com,https://celebrityseries.sharepoint.com/:f:/s/CS/IgAwJ7i2CRrYR6kudUG07TVBAX5eb-yCDw2oPzWq_vGispA?e=i25V9B,,Columbia Artists,Solo show in support of forthcoming album. Rachmaninoff to Brahms to Beatles to B.B. King.,250K,79K,,06/27/2026,01/29/2027,10/01/2026
SAT FEB 20,3PM,Amanda Shea & Tim Hall Trio,Amanda Shea,Spoken Word,poetry / vocals,,,First Church Roxbury,"Neighborhood Arts, Roxbury",,,,https://amandashea.com,https://celebrityseries.sharepoint.com/:f:/s/CS/IgDEj16y03tkRoc5Hg9mO3xuAWQnVw4UwkfP-yWaajyx0ks?e=wmkInP,,,Spoken word + jazz.,,,,,01/30/2027,
,,,Tim Hall Trio,,jazz trio,,,,,,,,,,,,,,,,,,
SAT FEB 20,8PM,Flor de Toloache,Flor de Toloache,Other,mariachi ensemble,,@somervilletheatre,Crystal Ballroom at Somerville Theatre,,@flordetoloache,/flor.de.toloache,,https://flordetoloache.com,https://celebrityseries.sharepoint.com/:f:/s/CS/IgC97hR4_wo2Qpb5B_5pv8iZAUUtnxkP3FuQDk0wncCn6us?e=3FlPJ6,,,"Ranchera, cumbia, salsa, jazz, rock.",44K,,,06/28/2026,01/30/2027,10/01/2026
SAT FEB 20,8PM,"Zlata Chochieva, piano",Zlata Chochieva,Pianist,piano,,@necmusic,NEC's Jordan Hall,Piano,,,,https://zlatachochieva.com,https://celebrityseries.sharepoint.com/:f:/s/CS/IgANoQYbsT0eQ5NOZIDbYdsdAbdaNV_4VBXi-vBdyisTBdQ?e=7e65eb,,,"Returns after sold-out 2025 debut. Beethoven Appassionata Op. 57, Cowell Aeolian Harp, Ravel Gaspard de la nuit, Saint-Saëns Op. 52 No. 3, Brahms Sonata No. 3 Op. 5.",,,,06/29/2026,01/30/2027,10/01/2026
THU FEB 25,7:30PM,"Thibaut Garcia & Antoine Morinière, guitars: Bach Goldberg Variations (Debut Series)",Thibaut Garcia,Instrumentalist,guitar,"May 26, 1994",@longyschool,Longy's Pickman Hall,,@thibautgarciaguitar,,,https://thibautgarcia-guitarist.com,https://celebrityseries.sharepoint.com/:f:/s/CS/IgDTY830Yd_5T7_u_WcOuk5mAZ1b9SXsyqZxEDa_S31a2wQ?e=kB2EHW,,,Bach Goldberg Variations arr. Garcia/Morinière. Guitars built from same tree.,23K,,,07/01/2026,02/04/2027,10/01/2026
,,,Antoine Morinière,,guitar,,,,,,,,,,,,,,,,,,
THU FEB 25 – SAT FEB 27,Various,Huang Yi & KUKA,Huang Yi,Dance,choreographer / dancer,,@museumofscience,Museum of Science's Public Science Common,Dance,,,,https://huangyi.tw,https://celebrityseries.sharepoint.com/:f:/s/CS/IgBbb95F2gNUQ4ABawPt9-9VAbbiRWMWDCtsovnmaxggszA?e=gYgdHG,,,3 or 4 performances: FEB 25 8PM; FEB 26 8PM; FEB 27 2PM & 8PM. Possible add Sunday if sales warrant. Dance with industrial robot arm. Co-pro with MOS.,,,,07/02/2026,02/04/2027,10/01/2026
,,,KUKA,,industrial robot / performer,,,,,,,,,,,,,,,,,,
SAT FEB 27,3PM,The Débo Ray Experience,Débo Ray,Jazz,vocals,,@thebethelboston,Bethel AME Church,Neighborhood Arts,,,,https://iamdeboray.com,https://celebrityseries.sharepoint.com/:f:/s/CS/IgCRwY71_plgRp8G8y4a9uwCAfyh-qwmpGDdaLCF0ahXgig?e=R0yN5L,,,"Contemporary R&B + 7 musicians, including 3 backing vocals. Teen+ recommended.",,,,,02/06/2027,
SUN FEB 28,3PM,"Víkingur Ólafsson, piano",Víkingur Ólafsson,Pianist,piano,"?? Feb 14, 1984",@bostonsymphony,Symphony Hall,Piano,@vikingurolafsson,/vikingur.olafsson,,https://vikingurolafsson.com,,,HarrisonParrott,Marks Philip Glass 90th birthday. Glass etudes paired with Rameau suites and Debussy.,92K,,,07/03/2026,02/07/2027,10/01/2026
SUN FEB 28,3PM,Yoko Miwa Trio,Yoko Miwa,Jazz,piano / leader,,@multiculturalac,Multicultural Arts Center,"Piano, Neighborhood Arts",,,,https://college.berklee.edu/faculty/yoko-miwa,https://celebrityseries.sharepoint.com/:f:/s/CS/IgDvNYMhsPiiQI0PZ-QCUcQ9AQWgNVNZCmEoPEghBZ_OvA4?e=XxouD9,,,Boston-based trio. Vivo debut.,,,,,02/07/2027,
,,,Brad Barrett,,bass,,,,,,,,,,,,,,,,,,
,,,Scott Goulding,,drums,,,,,,,,,,,,,,,,,,
FRI MAR 05,8PM,"Isabelle Faust, violin & Kristian Bezuidenhout, harpsichord",Isabelle Faust,Instrumentalist,violin,"Mar 19, 1972",@necmusic,NEC's Jordan Hall,,NA,,,https://isabelle-faust.de,https://celebrityseries.sharepoint.com/:f:/s/CS/IgD_TMczWx-zQYxrHQnUVss1AWi6kImDLwfgvt4r57pqbZw?e=cvChMS,,Opus 3 Artists,Presented in association with BEMF.,NA,,,07/05/2026,02/12/2027,01/07/2027
,,,Kristian Bezuidenhout,,harpsichord,,,,,,,,,,,,,,,,,,
SAT MAR 06,3PM,"Modern Connections Collective: Four Here or To Go (Jenny Oliver, founder/choreographer)",Modern Connections Collective,Jazz,dance company,,@roxburycc,Roxbury Community College,"Neighborhood Arts, Roxbury",,,,https://modernconnectionscollective.com/jenny-oliver,https://celebrityseries.sharepoint.com/:f:/s/CS/IgDR_lGOhOdnQoJXm8RYSvTiAahUjmG0hBhUDyiyai_fQkU?e=OqKLOv,,,4 excerpts by choreographer Jenny Oliver.,,,,,02/13/2027,
,,,Jenny Oliver,,founder / choreographer,,,,,,,,,,,,,,,,,,
SUN MAR 07,3PM,"Seong-Jin Cho, piano",Seong-Jin Cho,Pianist,piano,"May 28, 1994",@bostonsymphony,Symphony Hall,Piano,NA,/seongjin.cho,,https://seongjin-cho.com,https://celebrityseries.sharepoint.com/:f:/s/CS/IgAJUvZui7EZS7uzPB-haYGFAZ4_hVY48q_fbubXjO268xc?e=QSx3DI,,KD Schmid (Europe),"Widmann Sonatina facile, Prokofiev Ten Pieces from Romeo and Juliet Op. 75, Mozart Fantasia K. 396, Prokofiev Sonata No. 8 Op. 84.",NA,99K,,07/06/2026,02/14/2027,01/07/2027
THU MAR 11,7:30PM,"London Symphony Orchestra (Pappano, conductor; Vengerov, violin)",London Symphony Orchestra,Orchestra,orchestra,,@bostonsymphony,Symphony Hall,Beethoven 200,@londonsymphonyorchestra,/londonsymphonyorchestra,,https://lso.co.uk,https://celebrityseries.sharepoint.com/:f:/s/CS/IgCx0yc7zP0wSq7RobjOsH0LAaGrPkAp7TEWNebLlHCsxY0?e=kWN5Rd,,self-managed,First LSO return since 2009. Beethoven Violin Concerto Op. 61 + Strauss Ein Heldenleben Op. 40.,398K,,,07/08/2026,02/18/2027,01/07/2027
,,,Sir Antonio Pappano,,conductor,,,,,NA,,,,,,IMG Artists,No personal IG. Tag via LSO.,NA,,,,,
,,,Maxim Vengerov,,violin,,,,,@maxim.vengerov,,,https://maximvengerov.com,,,,,206K,,,,,
FRI MAR 19,8PM,Pavel Haas Quartet,Pavel Haas Quartet,Chamber,quartet,,@necmusic,NEC's Jordan Hall,,,,,https://pavelhaasquartet.com,https://celebrityseries.sharepoint.com/:f:/s/CS/IgCu4qKMYQEiSYN9KXZz4BqVAW_14FUywhCP3PtBLFzdAMU?e=bhzZdY,,,"BBC Music Magazine top 10 quartets of all time. All-Czech: Haas No. 3 Op. 15, Janá?ek Kreutzer No. 1, Dvo?ák American Op. 96.",,,,07/09/2026,02/26/2027,01/07/2027
,,,Veronika Jar?šková,,violin,,,,,,,,,,,,,,,,,,
,,,Marek Zwiebel,,violin,,,,,,,,,,,,,,,,,,
,,,Šimon Truszka,,viola,,,,,,,,,,,,,,,,,,
,,,Peter Jar?šek,,cello,,,,,,,,,,,,,,,,,,
SAT MAR 20,3PM,Rakish with Rasa String Quartet,Rakish,Pop/World/Misc.,duo,,@multiculturalac,Multicultural Arts Center,Neighborhood Arts,,,,https://rakishmusic.com,https://celebrityseries.sharepoint.com/:f:/s/CS/IgAGOvmtxnmHTLcvD7qboyHnAeWlFvBdtSrdNR_AU7k68iM?e=sDLDEw,,,Celtic + American folk. Scanlon is also a classical violinist + Rasa Quartet member.,,,,,02/27/2027,
,,,Maura Shawn Scanlon,,fiddle / violin,,,,,,,,,,,,,,,,,,
,,,Conor Hearn,,guitar,,,,,,,,,,,,,,,,,,
,,,Rasa String Quartet,,quartet,,,,,,,,,,,,,,,,,,
SUN MAR 21,3PM,Fernando Brandão Quartet,Fernando Brandão,Jazz,flute / leader,,@multiculturalac,Multicultural Arts Center,Neighborhood Arts,,,,https://college.berklee.edu/faculty/fernando-brandao,https://celebrityseries.sharepoint.com/:f:/s/CS/IgCd0o6hwmU-TKGRlFaqJL0IAT4qwrnAOp3HotFJgpOerCY?e=YgPl2D,,,"Brazilian jazz: choros, bossas, sambas.",,,,,02/28/2027,
THU MAR 25,8PM,Artemis: Sketches of Miles,Artemis,Jazz,ensemble,,@berkleebpc,Berklee Performance Center,,,,,https://artemisband.com,https://celebrityseries.sharepoint.com/:f:/s/CS/IgACCuBEMYSnRLBEOjDKI4rlARpz1tPqL4J-dJjrRaWbeyQ?e=lgBb7V,,,All-women supergroup. Miles Davis centennial. Signature 1960s period.,,,,07/10/2026,03/04/2027,01/07/2027
,,,Renee Rosnes,,piano,,,,,,,,,,,,,,,,,,
,,,Ingrid Jensen,,trumpet,,,,,,,,,,,,,,,,,,
,,,Nicole Glover,,tenor saxophone,,,,,,,,,,,,,,,,,,
,,,Noriko Ueda,,bass,,,,,,,,,,,,,,,,,,
,,,Allison Miller,,drums,,,,,,,,,,,,,,,,,,
THU APR 01,8PM,Fred Hersch Trio (Jazz Festival),Fred Hersch,Jazz,piano / leader,"Oct 21, 1955",@museumofscience,Museum of Science's Public Science Common,"Jazz Festival, Piano",@fredherschmusic,,,https://fredhersch.com,https://celebrityseries.sharepoint.com/:f:/s/CS/IgCwrQUThwWUSreSWYL0oL9sAWkY2Uc-CZv10RTWpizKvFw?e=Xz1hns,,,Opens Jazz Festival. Co-pro with MOS. Trio of nearly four decades.,14K,,,07/12/2026,03/11/2027,01/07/2027
,,,Drew Gress,,bass,,,,,,,,,,,,,,,,,,
,,,Joey Baron,,drums,,,,,,,,,,,,,,,,,,
FRI APR 02,8PM,Endea Owens & The Cookout (Jazz Festival),Endea Owens,Jazz,bass / leader,,@museumofscience,Museum of Science's Public Science Common,Jazz Festival,@endeatheebassbae,,,https://endeaowens.com,https://celebrityseries.sharepoint.com/:f:/s/CS/IgBF6wKibjnBSbwXq3AEq3SMAYvRTrbHAVt-N9wYPrlSzR8?e=vNHeg7,,,Jazz Festival night 2. Co-pro with MOS. Hard bop + soul jazz.,161K,,,07/13/2026,03/12/2027,01/07/2027
FRI APR 02,8PM,"Anna Geniushene, piano",Anna Geniushene,Pianist,piano,,@grotonhillmusic,Groton Hill Music Center (Meadow Hall),Piano,,,,https://annageniushene.com,https://celebrityseries.sharepoint.com/:f:/s/CS/IgBtDFmtZ44sSKt2HHZVKaqoAXtdytv0sRbg-wLCOLFrXnI?e=hcDcjS,,,"2022 Cliburn silver medalist. Brahms Ballades Op. 10, Bartók Scherzo, Chopin Variations brillantes Op. 12, Liszt Valses oubliées Nos. 1-3, Beethoven Eroica Variations Op. 35.",,,,07/14/2026,03/12/2027,01/07/2027
SAT APR 03,3PM,Gregory Groover Quintet: North to Boston,Gregory Groover,Jazz,saxophone / leader,,@twelfthbaptistchurch,Twelfth Baptist Church,"Neighborhood Arts, Roxbury",,,,https://gregorygrooverjr.com,https://celebrityseries.sharepoint.com/:f:/s/CS/IgBq3AUAxUj5Tow1qzeCbIa4AZ9jDfjjBfRCRB9_bLWV7qg?e=cgjT9V,,,Stories of church members who migrated to Boston WWII through 1980s.,,,,,03/13/2027,
SAT APR 03,8PM,Immanuel Wilkins Quartet (Jazz Festival),Immanuel Wilkins,Jazz,alto saxophone / leader,"Aug 7, 1997",@museumofscience,Museum of Science's Public Science Common,"Jazz Festival, Artist in Residence",@immanuel.wilkins,,,https://immanuelwilkins.com,https://celebrityseries.sharepoint.com/:f:/s/CS/IgB8mfrDhXbxTLTpfDz6thr4AakeuWKgkafW9WF4dNDqBnQ?e=SQDe9Z,,,Jazz Festival night 3. Co-pro with MOS. Artist in Residence.,46K,,,07/16/2026,03/13/2027,01/07/2027
,,,Micah Thomas,,piano,,,,,,,,,,,,,,,,,,
,,,Ryoma Takenaga,,bass,,,,,,,,,,,,,,,,,,
,,,Kweku Sumbry,,drums,,,,,,,,,,,,,,,,,,
SUN APR 04,3PM,Patricia Brennan Tentet: Of The Near And Far (Jazz Festival),Patricia Brennan,Jazz,vibraphone / leader,,@museumofscience,Museum of Science's Public Science Common,Jazz Festival,@patriciabrennan84,,,https://patriciabrennanvibes.com,https://celebrityseries.sharepoint.com/:f:/s/CS/IgCoqR3Qx8KgQoDseDlbq5ORAegq7EWf0bmFEnFvNfDqC0M?e=IYiv8y,,Eric Oberstein Productions,Jazz Festival finale. Co-pro with MOS. Constellations mapped onto Circle of Fifths.,11K,,,07/17/2026,03/14/2027,01/07/2027
FRI APR 09,8PM,David Sedaris,David Sedaris,Spoken Word,author / humorist,"Dec 26, 1956",@bostonsymphony,Symphony Hall,,@davidsedarisbooks,,,https://davidsedaris.com,,,,"Most recent book: The Land and its People. Freshly written and unpublished pieces, diary excerpts.",251K,,,07/18/2026,03/19/2027,01/07/2027
SAT APR 10,12PM,Manuela Sánchez-Goubert Ensemble,Manuela Sánchez-Goubert,Pop/World/Misc.,vocals / leader,,@bplboston,"Shaw-Roxbury Branch, Boston Public Library","Neighborhood Arts, Roxbury",,,,https://manuelasanchezgoubert.com,,,,Berklee Global Jazz Institute grad. Colombian Andes folk + jazz. Latin Grammy Cultural Foundation Ambassador.,,,,,,
SUN APR 11,3PM,Zambra Collective,Zambra Collective,Pop/World/Misc.,ensemble,,,First Church Roxbury,"Neighborhood Arts, Roxbury",,,,https://zambracollective.com,https://celebrityseries.sharepoint.com/:f:/s/CS/IgC_LZa7pN44TY-RI026eZjoATk8HdwNNjrmau8EW56GhNY?e=7icbV2,,,"5-person world music quintet. Members from Andalusia, Catalonia, New York, Atlanta, Tehran.",,,,,03/21/2027,
SUN APR 11,5PM,Stanley Clarke & Hiromi featuring PUBLIQuartet: A Celebration of Chick Corea and Beyond,Stanley Clarke,Jazz,bass,"Jun 30, 1951",@berkleebpc,Berklee Performance Center,Piano,@stanleyclarke,/officialstanleyclarke,,https://stanleyclarke.com,https://celebrityseries.sharepoint.com/:f:/s/CS/IgAOjeZtdLVZTqxAGzdHP-ZNAd9rWuiIBG1SUxcCOBa5W3g?e=zo9Nns,,IMN International Music Network,Tribute to Chick Corea. Hiromi 207K IG + Clarke 120K IG = major combined reach.,120K,,,07/20/2026,03/21/2027,01/07/2027
,,,Hiromi,,piano,"?? Mar 26, 1979",,,,@hiromimusic,/HiromiFan,,https://hiromiuehara.com,,,,Grammy winner. FB 228K (fan page).,207K,228K,,,,
,,,PUBLIQuartet,,quartet,,,,,,,,,,,,,,,,,,
TUE APR 13,7:30PM,Branford Marsalis & Dianne Reeves Celebrate John Coltrane,Branford Marsalis,Jazz,saxophone,"Aug 26, 1960",@bostonsymphony,Symphony Hall,Coltrane 100,@branfordmarsalis,/branfordmarsalis,,https://branfordmarsalis.com,https://celebrityseries.sharepoint.com/:f:/s/CS/IgDK8nH-E6rHSZZK0NWZJ3rZASwS-Z8g65P5oZt1ru6e8w8?e=wsiz3i,,Intermusica,"Tribute to Coltrane-Hartman classic quartet. My One and Only Love, Lush Life, They Say It's Wonderful.",60K,,,07/21/2026,03/23/2027,01/07/2027
,,,Dianne Reeves,,vocals,"Oct 23, 1956",,,,@diannereeves,,,https://diannereeves.com,,,,NEA Jazz Master.,17K,,,,,
WED APR 14,7:30PM,Leonkoro Quartet (Debut Series),Leonkoro Quartet,Chamber,quartet,,@longyschool,Longy's Pickman Hall,,,,,https://leonkoroquartet.com,https://celebrityseries.sharepoint.com/:f:/s/CS/IgBtdRDUhEc2Q79qYareeEjMAcfulqy2H-jaPr74rik57Ow?e=WS1ZOV,,,"Berlin-based. Jonathan and Lukas Schwarz are brothers. 2022 Wigmore Hall Competition: 9 prizes. Alfred Brendel: perfectly unanimous, colorful and original.",,,,07/22/2026,03/24/2027,01/07/2027
,,,Jonathan Schwarz,,violin,,,,,,,,,,,,,,,,,,
,,,Emiri Kakiuchi,,violin,,,,,,,,,,,,,,,,,,
,,,Mayu Konoe,,viola,,,,,,,,,,,,,,,,,,
,,,Lukas Schwarz,,cello,,,,,,,,,,,,,,,,,,
FRI APR 16,8PM,Jazz at Lincoln Center Orchestra with Wynton Marsalis,Jazz at Lincoln Center Orchestra,Jazz,orchestra,,@bostonsymphony,Symphony Hall,,@jazzdotorg,,,https://jazz.org,https://celebrityseries.sharepoint.com/:f:/s/CS/IgCFURlYB0emQLag38Fn-Bv6ARwxsrY29weU-BBQQ12QTQg?e=HBuLPk,,Jazz at Lincoln Center (internal),WYNTON'S FAREWELL as music director. Final appearance before stepping down end of 2026/27 season. Major story angle.,,,,07/24/2026,03/26/2027,01/07/2027
,,,Wynton Marsalis,,trumpet / leader,"Oct 18, 1961",,,,@wyntonmarsalis,/wyntonmarsalis,,https://wyntonmarsalis.org,,,Jazz at Lincoln Center (internal),,355K,,,,,
FRI APR 16,8PM,Lawrence Brownlee & Erin Morley: The Golden Age,Lawrence Brownlee,Vocal,tenor,,@necmusic,NEC's Jordan Hall,,@brownleetenor,/lawrencebrownleeofficial,,https://lawrencebrownlee.com,https://celebrityseries.sharepoint.com/:f:/s/CS/IgCW-7AZKsKaQb2w6QXKLHULAURrpqlsnyqfeNcwlBuhRSw?e=TwXGHm,,,"Bel canto arias + duets. Rossini Le Comte Ory, Verdi Rigoletto, Bizet Les Pêcheurs de Perles, Delibes Lakmé, Bellini Il Pirata, Donizetti La Fille du Régiment. Presented with BLO.",44K,34K,,07/25/2026,03/26/2027,01/07/2027
,,,Erin Morley,,soprano,"Oct 11, 1980",,,,@morleysoprano,/erin.morley.soprano,,https://erinmorley.com,,,Intermusica,Recently signed to Intermusica.,56K,15K,,,,
SAT APR 17,8PM,Ukulele Orchestra of Great Britain,Ukulele Orchestra of Great Britain,Other,ensemble,,@necmusic,NEC's Jordan Hall,,,,,https://ukuleleorchestra.com,https://celebrityseries.sharepoint.com/:f:/s/CS/IgB9x5_R4Y9oQIJOP9ZwIAEOAazztEFHRewDvNOdBlzhciI?e=1fYf5l,,,"4 types of ukuleles. Classic rock, TV themes, classical music + British wit.",,,,07/27/2026,03/27/2027,01/07/2027
SAT APR 24,3PM,"Jason Palmer Quartet featuring Immanuel Wilkins, saxophone",Jason Palmer,Jazz,trumpet / leader,,@roxburycc,Roxbury Community College,"Artist in Residence, Neighborhood Arts, Roxbury",,,,https://jasonpalmermusic.com,https://celebrityseries.sharepoint.com/:f:/s/CS/IgDKfZQruJT-RJYutiqh9tWqAbfwsvnKHcFmeedrXpLAVoc?e=ejYvrK,,,Roxbury AiR program. Premiere of Wilkins song inspired by Boston history and culture.,,,,,04/03/2027,
,,,Immanuel Wilkins,,saxophone,"Aug 7, 1997",,,,@immanuel.wilkins,,,https://immanuelwilkins.com,,,,ARTIST IN RESIDENCE. See also APR 03.,46K,,,,,
FRI APR 30 – SUN MAY 02,Various,Alvin Ailey American Dance Theater,Alvin Ailey American Dance Theater,Dance,dance company,,@bochcenter,Boch Center Wang Theatre,Dance,@alvinailey,/alvinaileyamericandancetheater,,https://alvinailey.org,https://celebrityseries.sharepoint.com/:f:/s/CS/IgCD45V5jw1mSrvq9_Q28ve2AYh5S2A_GN_TTKf1CyeQI0w?e=DTVDM6,,Opus 3 Artists (booking),4 performances: APR 30 8PM; MAY 01 2PM & 8PM; MAY 02 3PM. Artistic Director Alicia Graf Mack.,463K,,,07/28/2026,04/09/2027,01/07/2027
,,,Alicia Graf Mack,,artistic director,,,,,,,,,,,,,,,,,,
,,,Matthew Rushing,,associate artistic director,,,,,,,,,,,,,,,,,,
FRI APR 30,8PM,An Evening with Audra McDonald,Audra McDonald,Other,vocals,"Jul 3, 1970",@bostonsymphony,Symphony Hall,,@audramcdonald,/AudraMcDonald,,https://audramcdonald.com,https://celebrityseries.sharepoint.com/:f:/s/CS/IgChYdHDhzNCRbgtouPQP5hcARK1Km5NqNpTj7ys4WyaDPw?e=3MQgMh,,,"Record-breaking 6 Tony Awards + 2 Grammys + Emmy + National Medal of Arts. Broadway, Great American Songbook, and beyond.",303K,,,07/29/2026,04/09/2027,01/07/2027
SAT MAY 01,3PM,Veronica Robles Female Mariachi,Veronica Robles,Pop/World/Misc.,vocals / leader,,@arlingtonstreetchurch,Arlington Street Church,Neighborhood Arts,,,,https://veronicarobles.com,https://celebrityseries.sharepoint.com/:f:/s/CS/IgDP5TbdfW14SZhIBg_jFVRdAfWQY-anFhkGJzIhAeEcfNE?e=tIdS0J,,,Mariachi singer + Latin American folkloric dancer. Boston cultural leader.,,,,,04/10/2027,
THU MAY 06,7:30PM,Alisa Amador & Friends,Alisa Amador,Pop/World/Misc.,vocals,,@arlingtonstreetchurch,Arlington Street Church,Neighborhood Arts,,,,https://alisaamador.com,https://celebrityseries.sharepoint.com/:f:/s/CS/IgAW180WohjwSb_46Km7akknAatFfqHVM9Mqz39WhP38tl0?e=zZ74vU,,,English + Spanish. Vivo Performing Arts debut as headliner.,,,,,04/15/2027,
FRI MAY 14,8PM,"Béla Fleck, Edmar Castañeda, Antonio Sánchez Trio",Béla Fleck,Jazz,banjo,"Jul 10, 1958",@berkleebpc,Berklee Performance Center,,@belafleckbanjo,/belafleckbanjo,,https://belafleck.com,https://celebrityseries.sharepoint.com/:f:/s/CS/IgAqSAAWw_zWQqIyX_eSC4SwAU7xhPM8Zrb14LZdBcpK9n8?e=VVv8KP,,,Banjo + harp + drums. Serendipitous trio.,116K,,,07/31/2026,04/23/2027,01/07/2027
,,,Edmar Castañeda,,harp,,,,,,,,,,,,,,,,,,
,,,Antonio Sánchez,,drums,,,,,,,,,,,,,,,,,,
WED JUN 02,7:30PM,"Nadine Sierra, soprano",Nadine Sierra,Vocal,soprano,"?? May 14, 1988",@necmusic,NEC's Jordan Hall,,@nadine.sierra,,,https://nadinesoprano.com,https://celebrityseries.sharepoint.com/:f:/s/CS/IgADVkAMFrPWRqTfiXz64AhlAT-EIZOfX4NCwspmdyYLv24?e=cfiEtr,,,BLO presentation in association with Vivo Performing Arts. One-night-only recital.,175K,,,08/01/2026,05/12/2027,01/07/2027
,,,Bryan Wagorn,,piano,,,,,,,,,,,,,,,,,,
SAT JUN 05,12PM,"Rasa String Quartet with Carlos Vargas, piano",Rasa String Quartet,Chamber,quartet,,@bplboston,"Shaw-Roxbury Branch, Boston Public Library","Piano, Neighborhood Arts, Roxbury",,,,https://rasastringquartet.com,,,,Dominican-born pianist. Classical + global folk traditions.,,,,,,
,,,Carlos Vargas,,piano,,,,,,,,,,,,,,,,,,
